{
    "fx": 668.6838165427944,
    "fy": 667.9713968653047,
    "cx": 313.654242908748,
    "cy": 230.16875102271155,
    "dist": [0.1741479469487125, -1.2438486729108107, -0.0011594095682407426, -8.395661730281217E-6, 1.9474548124079918]
}